miRNA/isomiR,mRNA,saccver_mRNA,Full_mRNA_Seq
TAGCAGCACATAATGGTTTGTG,TTCCTTATTGTTGCTTACTTATCAGGTCTCCACATAAAGGTGTGGAAACTTCATTCATTCATA,ENST00000697189.1|ENSG00000198064.15|OTTHUMG00000163556.2|-|NPIPB13-209|NPIPB13|3332|UTR5:1-2260|CDS:2261-3332|,ATAGACGGAGCAGCCGTGAGGGCTGCTGGTTGCCCATTTTTATGGTTATTTCTTGATGATATGCTAAACAAGGAGTGGATTTTTCATGCCTCCTCTTTTTAGACCATATAGGGTAACTTCTTGATGTTGCCGTGGCATTTGTAAACTGTCATGGTGCTGGTAGGAGTGTAGCAGGGAGGATGATGGGAGGTCAGTCTTGTCTCTATTTTGGTTTTGGTGGGTTTTGGCCAGCTCCTTCACTGCAACCTGTTTTATCAGCAAGGTCTTTATGACTGGTATTTTGTGCTGACCTTCTATGTCATCCTGTGACTTAGAATGCCTTAACCATCAGGGAATGCAGCCCAGTAGTTTCAGCCTCATTTTTCCTGGCTCCTATTTAAGATGGAGTTGCTCTGGTTCACACACCTCTGACATGATCATTGCCCACTGCGGCTTCCACCTCCCGGGTTCAAGAGATCCTCCTGCCTCACCCTCCCAAGGTGCTGGGACTACAGGTGTGTGCCACCACGCTCAGCTAATTTTTGTATTTTTTGTAGAGATGGTGTTTTTCCATGTTGCCCAGGCTGGTCTCAAACTCCTGGGCTCAAGCAATCCTTCTGTCTCAGCCTCCCAAAGTACTGGGATTACAGGCATGTCCCACCATGCCCAGACTAATATTTACTTTTAATCAGACTAAGATAGGGTTACTACTTGAGTTGCTATGGCTCCAGCTGAAAGAAAGCCCGTGCAGTCATATCACGCGTAAACATTTGCTTTATGCTAAAAATATGGTGGACCTGGCATTACAGCTATTACAAATCTCCTAAGATGTCTCGGGTAGTGTATTAGTTACTTTTCATACTGCTATGAAGAAATACTGGAAACTGGGTAATTTATAAAGAAAAAGAGGTTTAATGTACTCACAGTTCCACAAGGCTGGAGAGGCCTCAGAATCATGGTGGAAGGCAAGGAGCAAAAAGGTATGTCTTCCATGGCAGCAGGCAAGAGAGCACGTGCAGGGAAACTGCCCTTTATAAAACCATCAGATTTAGTGAGATGTATTCACTATCACGAGAACAGTATGGGAAAAACCTGCCCCCATGATTCGATTACCTCCTACCGGGTCCCTCCCACGACACATGGGGATTATGGGAACTACAATTCAAGATGAAATTTGGGTGGGGACGCAGCCAAACCATATCGGGTAGCAACAACCTAGGGTCAGTTTTGCAGGTGGTAAAGCCATTTACCAAGATAGTTGTAGGTAAAGAAGGGCAGATTTATTAGAGAAATTGTGAAAATATGTTGCAGTGGGCAGCTCAGCAGAGAAGGGGCTACCTGCAAAGAGGCAAGGGCTGGAGGAAAGTTTTATAGGGTCCTGCTGAAGGGTGCTACGTGTGGAATGAGGTCATTGTGCCCGCAGGTTGTTTGTGATTAGCTGTTTCTAACAATTGTTCATACAATAATTGTTCATTATTGTTCTCAACTTGGGGCTCTCCCCAACCTGGGGACCCTTCCTTATTGTTGCTTACTTATCAGGTCTCCACATAAAGGTGTGGAAACTTCATTCATTCATATCTTCAACACAAATTGTAGGTAGCCTGTTTTTTAAAACATTTATTCAACAAATATTTAGTCCAAGCCACTATTACTTATTACCTTCTCTACTATTGTATGGACTTTTAACTATCTCTGACACTATTCACTATTCTTCCACATTCTCTATTATTTATACCTATGGTAAAATTTGCCAGTTTGACCATACAACTAATACTCACAGGGAATATATAGAGTCTAGAAGAAAATATACAGGTCCTTAAAGGCTGCCCTGCCAACAAAACCATAACGCAGGAACAAACATCACAACTATGCCAAATAATCAATCCTACAATGTCCAAAATTTTACTTTAAAACTGGAATTTCCAGACTTCCTTTCTGCATTAACCAGTTTAACTAGACAGTAACGAAATATTCCTACTTTATGCTGTGATAGTTTGTTTATTTATTTATTTATTTATTTATTTATTTGAGACAGAGTTTCGCTCTTGTTGCCCAGGCTGGAGTGCAGTGGCACGATCTCAGCTCACCACAACCTCCGCCTCCCAGGTTCAAGCGATTCTCCTGCCTCAGCCTCCCGAGTAGCTGGGATTACAGGTATGATCTCGTGAAACCTTGAGAGAAACTGAATGACGAATGAAACTATTGTTCCTGTTTCACACAGAAGAAAACTGAGGTTAAAAGGGGTTGGCACTCATCATGAGCCCCTGTTCTCATTCTGCAAATGGTGAAGCTCTCTATTGTCCTGACCCCACAGTTCCTGTCCCATGACCAGGGCCAGCTCACCAAGGAGCTGCAGCAGCATGTAAAGTCAGTGACATGCCCATGCGAGTACCTGAGGAAGGTTATCAATACTCTGGCTGACCATCATCATCGTGGGACTGACTTTGGTGGAAGTCCTTGGTTACATGTCATTATTGCGTTTCCGACAAGTTATAAAGTTGTCATTACCCTCTGGATAGTTTACCTTTGGGTGTCTCTCCTGAAGACTATCTTCTGGTCTCGAAATGGACATGATGGATCCACGGATGTACAGCAGAGAGCCTGGAGGTCCAACCGCCGTAGACAGGAAGGGCTGAGGTCCATTTGTATGCACACAAAGAAAAGAGTTTCTTCCTTTCGAGGAAATAAAATTGGCCTGAAAGACGTCATTACTCTACGGAGACATGTGGAAACAAAAGTTAGAGCTAAAATCCGTAAGAGGAAGGTGACAACGAAAATCAACCATCATGACAAAATCAATGGAAAGAGGAAGACCGCCAGAAAACAGAAAATGTTTCAACGTGCGCAAGAGTTGCGGCGGCGGGCAGAGGACTACCACAAATGCAAAATCCCCCCTTCTGCAAGAAAGGCTCTTTGCAACTGGGTCAGAATGGCGGCAGCGGAGCATCGTCATTCTTCAGGATTGCCCTACTGGCCCTACCTCACAGCTGAAACTTTAAAAAACAGGATGGGCCACCAGCCACCTCCTCCAACTCAACAACATTCTATAACTGATAACTCCCTGAGCCTCAAGACACCTCCCGAGTGTGTGCTCACTCCCCTTCCACCCTCAGCGGATGATAATCTCAAGACACCTCCCGAGTGTGTGCTCACTCCCCTTCCACCCTCAGCGGATGATAATCTCAAGACACCTCCTGAGTGTCTGCTCACTCCCCTTCCACCCTCAGCGGATGATAATCTCAAGACACCTCCTGAGTGTCTGCTCACTCCCCTTCCACCCTCAGCGGATGATAATCTCAAGACACCTCCCGAGTGTCTGCTCACTCCCCTTCCACCCTCAGCTCCACCCTCAG
TAAAGTGCTTATAGTGCAGGTAG,AGAGAGTTATTTTACACATACAAGTTTCAACATTGCACCCCAGCACTTTTAACCAGCTCATGATATCAC,ENST00000353187.6|ENSG00000109576.14|OTTHUMG00000160912.5|OTTHUMT00000362951.1|AADAT-202|AADAT|2101|UTR5:1-124|CDS:125-1402|UTR3:1403-2101|,AGCCCCTGGGCTAGCCTCTGGGCCGGCGCCTAGGCCGGCCAACGCGGACGCCGGGTTGCGGTGATTCCCAGCGGCGAGTCCTCAACCACTGAAGAAGAAGCTTGATGCTTGGCTGTCAGAAGACATGAATTACGCACGGTTCATCACGGCAGCGAGCGCAGCCAGAAACCCTTCTCCCATCCGGACCATGACTGACATATTGAGCAGAGGACCAAAATCGATGATCTCCTTGGCTGGTGGCTTACCAAATCCAAACATGTTTCCTTTTAAGACTGCCGTAATCACTGTAGAAAATGGAAAGACCATCCAATTTGGAGAAGAGATGATGAAGAGAGCACTTCAGTATTCTCCGAGTGCTGGAATTCCAGAGCTTTTGTCCTGGCTAAAACAGTTACAAATAAAATTGCATAATCCTCCTACCATCCATTACCCACCCAGTCAAGGACAAATGGATCTATGTGTCACATCTGGCAGCCAACAAGGTCTTTGTAAGGTGTTTGAAATGATCATTAATCCTGGAGATAATGTCCTCCTAGATGAACCTGCTTATTCAGGAACTCTTCAAAGTCTGCACCCACTGGGCTGCAACATTATTAATGTTGCCAGTGATGAAAGTGGGATTGTTCCAGATTCCCTAAGAGACATACTTTCCAGATGGAAACCAGAAGATGCAAAGAATCCCCAGAAAAACACCCCCAAATTTCTTTATACTGTTCCAAATGGCAACAACCCTACTGGAAACTCATTAACCAGTGAACGCAAAAAGGAAATCTATGAGCTTGCAAGAAAATATGATTTCCTCATAATAGAAGATGATCCTTACTATTTTCTCCAGTTTAACAAGTTCAGGGTACCAACATTTCTTTCCATGGATGTTGATGGACGTGTCATCAGAGCTGACTCTTTTTCAAAAATCATTTCCTCTGGGTTGAGAATAGGATTTTTAACTGGTCCAAAACCCTTAATAGAGAGAGTTATTTTACACATACAAGTTTCAACATTGCACCCCAGCACTTTTAACCAGCTCATGATATCACAGCTTCTACACGAATGGGGAGAAGAAGGTTTCATGGCTCATGTAGACAGGGTTATTGATTTCTATAGTAACCAGAAGGATGCAATACTGGCAGCTGCAGACAAGTGGTTAACTGGTTTGGCAGAATGGCATGTTCCTGCTGCTGGAATGTTTTTATGGATTAAAGTTAAAGGCATTAATGATGTAAAAGAACTGATTGAAGAAAAGGCCGTTAAGATGGGGGTATTAATGCTCCCTGGAAATGCTTTCTACGTCGATAGCTCAGCTCCTAGCCCTTACTTGAGAGCATCCTTCTCTTCAGCTTCTCCAGAACAGATGGATGTGGCCTTCCAGGTATTAGCACAACTTATAAAAGAATCTTTATGAAGAAATTAAACTAGGTTGGGCATGGTGGCTCACACCTATAATCCCAGCACTTTGGGAGGCAGAGGAGGGAGGATCACTTGAACCCAGGAATTCAAGGCTGCAGTAAGCTACGATCACACCACTGCACTCTGGCCTGCATGCACTCTGGCCTGCATGGCAGAACAAGACCCTGTCTCTAAAAAAAGAGAAAGAAATCAAACTAATCATGCTGCTCATGGATTTTTCCAATAAATTTCTTGTTTTGGCAGGAAGAAATGAACACTGGTATTAGACTTAAAGATTAAATTTCCTCAAACATGTCCTATCTGTAGTAGTTCAACTAGACACCTTTTAAAGTGCCTCTAAATTCATCAGATGGCCAAACTGTATTTATAATCCACTTAGGCATTTTGAAAAACTTTCAACCTGTAAAAAGTTACTTTTATCTTGGATTTATTATGAAGAACTTTGTAGTTGCTTTGTAATTTCCCATAAATTGTCTTTGAAACTAACATTTTACACTGAATTATTTTGAGATTTTAAAGAAGTAATTAAGTGCAAAATGGTATATAATGTGTACTTTTTCTACTTTTAGGAAAATTTAATGAGAGCTTATTGCAAAAATTGTTATAATTTGGTCATTATAAGTGACTTTTAGTAAAAGTACCATAAACCTTATGTTATGCCACAGAAATTCCTTTAAAATAAAATTCTTAAACT
TTGTCCCGGCCTGT,TTTAAGACCATTGTGGACAAAATGGCAATTGATAAGAAGGTACTGGAGATGCTTCCAGGGTCAGCCAG,ENST00000438647.3|ENSG00000107263.19|OTTHUMG00000020829.5|OTTHUMT00000054761.2|RAPGEF1-206|RAPGEF1|588|UTR5:1-114|CDS:115-588|,GCGGCCGCGCGGAGCCCGCCATGCCGGCGCGGGTCTGAGGCGTGGCGAGCCAGGGCCGAGGCGAGCGGCGGGCGCGCCGCCCCTGTCGCCCCGCGGCGGCCCGGCCCGGGCCCGATGAGCGGCGGCCTCGGCCTCCGGCGCAGCCCGGAAATGTCCGGCAAGATCGAGAAAGCAGACTCTCAGCGTTCTCATCTCTCTTCCTTCACCATGAAGCTGATGGACAAATTCCACTCACCCAAAATCAAGAGAACGCCATCAAAGAAGGGAAAACCAGCTGAGGTGTCCGTAAAGATTCCAGAGAAGCCTGTGAACAAAAACCTGAGCTGGCTGGAGGAGAAAGAGAAGGAAGTTGTCAGTGCCCTGCGCTACTTTAAGACCATTGTGGACAAAATGGCAATTGATAAGAAGGTACTGGAGATGCTTCCAGGGTCAGCCAGCAAGGTGCTGGAGGCCATCTTACCCCTGGTGCAGAACGATCCTCGAATTCAGCACAGCTCAGCCCTCTCTTCCTGCTATAGCCGAGTGTACCAAAGCCTCGCCAACCTCATTCGCTGGTCTGACCAAGTGATGCTGGAAGGCGTGAACTCA
TGTAAACATCCTACACTCTCAGC,TTGTCAGTGGTTTACATGAAGTGGCCATGGGTGTCTGGAGCACCCTGAAACTGT,ENST00000325307.12|ENSG00000029993.15|OTTHUMG00000024162.3|OTTHUMT00000060867.2|HMGB3-201|HMGB3|3507|UTR5:1-47|CDS:48-650|UTR3:651-3507|,GCGCGTCGTGCCCTGCGCTGCCCAGACTAGCGAACAATACAGTCAGGATGGCTAAAGGTGACCCCAAGAAACCAAAGGGCAAGATGTCCGCTTATGCCTTCTTTGTGCAGACATGCAGAGAAGAACATAAGAAGAAAAACCCAGAGGTCCCTGTCAATTTTGCGGAATTTTCCAAGAAGTGCTCTGAGAGGTGGAAGACGATGTCCGGGAAAGAGAAATCTAAATTTGATGAAATGGCAAAGGCAGATAAAGTGCGCTATGATCGGGAAATGAAGGATTATGGACCAGCTAAGGGAGGCAAGAAGAAGAAGGATCCTAATGCTCCCAAAAGGCCACCGTCTGGATTCTTCCTGTTCTGTTCAGAATTCCGCCCCAAGATCAAATCCACAAACCCCGGCATCTCTATTGGAGACGTGGCAAAAAAGCTGGGTGAGATGTGGAATAATTTAAATGACAGTGAAAAGCAGCCTTACATCACTAAGGCGGCAAAGCTGAAGGAGAAGTATGAGAAGGATGTTGCTGACTATAAGTCGAAAGGAAAGTTTGATGGTGCAAAGGGTCCTGCTAAAGTTGCCCGGAAAAAGGTGGAAGAGGAAGATGAAGAAGAGGAGGAGGAAGAAGAGGAGGAGGAGGAGGAGGAGGATGAATAAAGAAACTGTTTATCTGTCTCCTTGTGAATACTTAGAGTAGGGGAGCGCCGTAATTGACACATCTCTTATTTGAGAAGTGTCTGTTGCCCTCATTAGGTTTAATTACAAAATTTGATCACGATCATATTGTAGTCTCTCAAAGTGCTCTAGAAATTGTCAGTGGTTTACATGAAGTGGCCATGGGTGTCTGGAGCACCCTGAAACTGTATCAAAGTTGTACATATTTCCAAACATTTTTAAAATGAAAAGGCACTCTCGTGTTCTCCTCACTCTGTGCACTTTGCTGTTGGTGTGACAAGGCATTTAAAGATGTTTCTGGCATTTTCTTTTTATTTGTAAGGTGGTGGTAACTATGGTTATTGGCTAGAAATCCTGAGTTTTCAACTGTATATATCTATAGTTTGTAAAAAGAACAAAACAACCGAGACAAACCCTTGATGCTCCTTGCTCGGCGTTGAGGCTGTGGGGAAGATGCCTTTTGGGAGAGGCTGTAGCTCAGGGCGTGCACTGTGAGGCTGGACCTGTTGACTCTGCAGGGGGCATCCATTTAGCTTCAGGTTGTCTTGTTTCTGTATATAGTGACATAGCATTCTGCTGCCATCTTAGCTGTGGACAAAGGGGGGTCAGCTGGCATGAGAATATTTTTTTTTTTTAAGTGCGGTAGTTTTTAAACTGTTTGTTTTTAAACAAACTATAGAACTCTTCATTGTCAGCAAAGCAAAGAGTCACTGCATCAATGAAAGTTCAAGAACCTCCTGTACTTAAACACGATTCGCAACGTTCTGTTATTTTTTTTGTATGTTTAGAATGCTGAAATGTTTTTGAAGTTAAATAAACAGTATTACATTTTTAAAACTCTTCTCTATTATAACAGTCAATTTCTGACTCACAGCAGTGAACAAACCCCCACTCCATTGTATTTGGAGACTGGCCTCCCTATAAATGTGGTAGCTTCTTTTATTACTCAGTGGCCAGCTCACTTAGGGCTGAGATGAAGGAGAGGGCTACTTGAAGCTACTGTGTGATTTTGTTTGTGTCTGAGTGGCATTCAGATGAAGTCTGGAGGAGTTAGGAGAACGACATAGGCAAGGTTCAGCAGCCTTCCAAGGTATAGGAAGGTGGGTGATTAGGACTGAGGCTATCTAGGTTTAACTTTTGTCCCACCTCCACCCCCTATTTTGTGGGGCCAAATGCATTGCTAAACAGCAATTTCAGAGTGTATGGTGTGTCAAAAATTAAGGCCTTATTGTTTTTCTCTTTCACCCCTACCCCCCGTGCTCCTGGCACATATCACATTATTTGTGGTGCCCAACATTTGGGGTCTTGAGCCTGCTGCTGGTCTCCTGGATGCCAGTGAGGGTATGTGGGATGGGGTGGTGGGGTAGGGGACGGTATCCTTTTTTTGCTCCTACTTGGAAACACCAAACACCCCAAGGAAGATGATAGGCTCCATCTTGGGCCACCTGAGCTATAGGGCAGGCTAATGGAATCAACCATTTCTGAGCACTAAATGTATCATGAAAAGTTGAATGGCCTGCTCATAAGTTTAGCTCATTCACTGGAAATGTAGATTGATGTTCAATGTTAAACTGGAAGGAGCTTGGTTTGTGTGTCAGTGGTTATATTAGTGGGTAGTGTAACATTTTATCCAGGTTGGGGTGAGGGGAGATGGCCACAGTAGCAAGTGGTGACACTAAATACCATTTTGAAGGCTGATGTGTATATACATCATTACTGTCCGTAGCAATGAAGGATACAGTACTGTGTTGTGGGTGAGTGTTGCTATTGCCCAGCATTAATATTTGGGTGTGTATGTTTGAGGCTATGAAACACGCAGGAGTGTTTTTGTGCTATTAATTTTAAGAGAAAGCAGCTTTTTCTTAAAATTCACTGTTGAGAAACTTGCATGTCTGGAGGCGGTGTCCTCTCCGCCCTGTCGGGTCCTGGATGAGTACGAGTTATGGTCACGGTCACAGCCTGATCTCTTATGTGTTCATAGCCATTCGCTCTCCCATCAGAACTGTTTGTCCTGAATGTGTTCCTCTAGTTCTAGAAAATGACCACTAATTTAAAAAACTCGGTTGTGAGGTTTGCCCAGAGGCACTTGTTCCAGAATTTCCCCTCCTGCTTCAGCCATGTCCTTGTCACTTGGCATTCTAAGCTAAAGCTTTAGCTTCCCAATTCGTGATGTGCTAGGCCAAGATTCGGGAGCTGTTGCCAGCCTCGTCAAATATGGAAGAGAAACAACCTGCGGTCAAAAGGGAGTGATTTGTTAAGTGGTGCGCGTCTATCTCATAACTAGATGTACCAACCAGGGAAGGGCCAAGGATGGAAAGGGGTAACTTTTGTGCTTCCAAAGTAGCTAAGCAGAAGTGGGGGAGCAGTTTAGCCAGATGATCTTTGATTAGGCAAACATTGAGTTTTAAAGAGGCTGTCAAGTTGAGGCCACTTGGTCCATTAGCTGGGGCAGCAAGATCACTACTCAACGTTTTCACACTGTGGCAAGATTGCTCTTCTAGTGGAATAATGCCCTAGTTTCTCTGAGATGATGTAAGTGGCATGATGTTACCTAAGGCTTAGGCTTAGCTTGATTTCTGGGCCCACTGTCTGTGTTCTTAAGATGCCAACCTGTTGCTTTTTTTTTTTTTTTCCCCCATTTAAAAGGATAGTACCTACTCCCTCTAACCACCTCACCCCATTCTTGAATGACATTTTATCCTTCGGAAAGAACAAGGCTGTGATGTAGTGACTATTGTCTGTGTCTCCTGTGTGTGTCTGTTCTTGTCACAAATGTATTTGGGGACGTTGGATGCATTCATTTTCTGTAATAAAGTTTCTTAATCACTCTTCCCAAAAA
TTCACCACCTTCTCCACCCAGC,CAAAAATTAGCTGGGTGTGGTGGCGGGTGCCTGTAATCCCAGCTACTTGGGAGGCTGAG,ENST00000400358.9|ENSG00000167037.19|OTTHUMG00000150837.1|OTTHUMT00000320279.1|SGSM1-201|SGSM1|6701|UTR5:1-115|CDS:116-3397|UTR3:3398-6701|,ACTCAGCGCTCGGCCCCGCCCCGCCGCGGCTGCAGCAGCAGCGCCGCGGCCGGAGGAGCTACCGCCGCCACCGCCGCCACCGCCTCCTGGGACTCGGAACGCAGCGCTCGGAGCCATGGCCTCGGCCCCCGCGGAGGCGGAGACCCGACAGAGGCTGCTACGCACCGTCAAGAAGGAGGTGAAGCAGATCATGGAGGAGGCTGTGACACGCAAGTTTGTCCACGAAGACAGCAGCCACATCATCTCCTTCTGTGCGGCTGTGGAGGCCTGCGTTCTGCACGGGCTTCGGCGGCGGGCGGCTGGCTTCCTACGCAGCAATAAGATTGCAGCCCTCTTTATGAAAGTGGGCAAGAACTTCCCGCCGGCTGAGGATCTGAGCCGCAAGGTGCAAGACCTGGAGCAGCTGATCGAGAGCGCGAGAAACCAGATTCAAGGCCTCCAGGAGAATGTGCGGAAGCTGCCGAAGCTGCCCAACTTGTCCCCACTTGCCATCAAGCATCTGTGGATTCGCACAGCCTTGTTTGAGAAGGTCCTGGACAAAATTGTGCATTACCTTGTGGAAAACAGCAGTAAATACTATGAGAAGGAAGCTCTCCTGATGGACCCTGTGGACGGCCCCATCCTTGCATCTTTGTTGGTGGGGCCCTGTGCCCTAGAGTACACCAAGATGAAGACTGCAGATCACTTCTGGACCGATCCCTCGGCTGACGAACTTGTCCAGAGGCACCGCATCCACAGCTCCCACGTGCGGCAGGACTCGCCCACCAAGCGTCCTGCCCTCTGTATCCAGAAGAGGCATTCCAGTGGCAGCATGGATGACCGGCCATCCCTCTCTGCCCGCGACTACGTGGAGTCCCTGCATCAGAACTCCCGTGCCACCCTTCTCTATGGCAAAAACAACGTTCTTGTTCAGCCGAGGGACGACATGGAGGCTGTGCCAGGGTACCTGTCCCTGCACCAGACGGCTGACGTCATGACCTTGAAGTGGACACCCAACCAGCTGATGAACGGGTCTGTGGGGGACCTGGACTATGAGAAGAGCGTCTACTGGGACTATGCCATGACCATCCGCTTGGAGGAGATTGTCTACCTGCACTGCCACCAGCAAGTTGACAGCGGCGGGACAGTGGTATTGGTCAGCCAGGACGGGATCCAGAGGCCGCCCTTCCGCTTCCCCAAGGGCGGGCACCTCCTGCAGTTCCTCTCGTGCCTGGAGAATGGGCTGCTCCCACATGGGCAGTTGGACCCGCCACTGTGGTCCCAGAGGGGTAAGGGCAAAGTGTTTCCTAAACTGCGCAAGCGAAGCCCTCAGGGTTCTGCCGAGTCCACATCTTCAGACAAAGATGATGATGAGGCCACGGATTATGTGTTCAGGATCATCTACCCTGGCATGCAGTCGGAATTCGTGCCCCAGGATCTGATGGACGTCTCTGTAAGCAACCTCCCATCCCTGTGGCAGCCCAGTCCCCGGAAGTCCTCCTGTTCATCCTGTTCACAGAGTGGCTCGGCTGATGGTAGCTCGACCAATGGCTGCAACCATGAGAGGGCTCCCCTGAAACTTCTCTGTGACAATATGAAGTACCAGATCCTCTCCAGAGCCTTCTATGGATGGCTGGCCTACTGCAGACACCTGTCCACCGTGAGAACCCACCTATCAGCCCTGGTCAATCACATGATCGTGTCTCCAGACTTGCCCTGCGATGCTGGACAGGGACTGACAGCCAGGATCTGGGAGCAGTACCTTCACGACAGCACAAGTTACGAGGAGCAGGAGCTGCTGCGCCTCATCTACTACGGGGGCATCCAGCCTGAGATCCGCAAGGCCGTGTGGCCCTTCCTCCTGGGCCACTACCAGTTCGGGATGACGGAAACAGAAAGGAAAGAGGTGGACGAGCAGATTCATGCCTGCTATGCACAGACCATGGCTGAGTGGCTGGGCTGCGAGGCGATCGTGCGGCAGAGGGAGCGGGAGTCCCATGCGGCCGCCCTGGCCAAATGCTCATCCGGGGCCAGCTTGGACAGCCACCTGCACCGGATGTTGCACAGGGACTCAACCATCAGCAATGAGTCCTCCCAGAGCTGCAGTTCGGGCCGCCAGAACATCCGCCTGCACAGCGACTCCAGCAGCAGCACACAGGTGTTTGAGTCTGTGGATGAGGTGGAGCAGGTGGAGGCTGAAGGCAGATTGGAGGAGAAACAGCCCAAGATCCCCAATGGGAACCTAGTGAACGGCACTTGTTCCCCAGACTCGGGTCATCCTTCCTCCCATAACTTCTCCTCGGGCCTCTCAGAGCACTCAGAGCCCAGTCTGAGCACAGAAGACAGTGTCTTGGACGCCCAGCGGAACACCCCCACGGTGCTGCGACCTAGGGATGGCAGCGTGGATGACAGGCAGAGCAGCGAGGCCACCACATCTCAGGATGAGGCTCCCCGGGAGGAGCTGGCCGTGCAGGACAGCCTGGAGAGTGACCTCCTGGCCAACGAGAGCATGGACGAGTTCATGTCCATCACGGGCAGCCTGGACATGGCCCTGCCTGAAAAGGACGATGTTGTGATGGAGGGCTGGAGGAGCAGCGAGACAGAGAAACATGGCCAGGCGGACAGTGAGGACAACCTCTCGGAGGAGCCTGAGATGGAAAGTCTCTTCCCTGCCCTGGCTTCTCTGGCTGTGACTACTTCTGCCAACGAGGTGTCCCCTGTGTCTTCCAGCGGCGTCACCTACTCTCCAGAGCTGCTGGATCTGTACACGGTGAACCTGCACCGCATCGAGAAGGATGTGCAGAGGTGCGACCGCAACTACTGGTACTTCACGCCCGCCAACTTGGAGAAGCTGCGTAACATCATGTGCAGCTACATCTGGCAGCACATTGAGATCGGCTATGTCCAGGGCATGTGTGATCTTCTGGCTCCACTGCTGGTCATTCTGGATGATGAGGCCCTTGCCTTCAGCTGCTTCACGGAGCTCATGAAGAGGATGAACCAGAACTTCCCCCACGGAGGCGCCATGGACACGCACTTTGCAAACATGAGATCGTTGATCCAGATCCTGGACTCAGAGCTGTTTGAGCTGATGCATCAGAACGGGGACTATACTCACTTCTACTTCTGCTACCGCTGGTTCCTGCTGGATTTCAAGCGAGAACTCGTCTATGATGACGTCTTCTTGGTCTGGGAGACCATCTGGGCAGCCAAACACGTCTCCTCTGCGCACTACGTCCTGTTCATTGCGCTGGCTCTGGTGGAAGTCTACCGTGACATCATTTTGGAGAACAACATGGATTTCACAGACATCATCAAATTCTTTAATGAAATGGCTGAGCGACACAACACCAAGCAAGTCCTGAAGCTGGCGCGGGACCTCGTGTACAAGGTGCAGACTCTGATTGAGAACAAGTGAGGGGCACCTCACCCCGGCAGCCTCAGCCAAGCTGCCCCTGCCCCGCTCCTCTGCTTACTTTTCCTCCTGGCTGGATGGGCACCCCGGGAGCGGGGTCCTGGTGTCTGTTCACAAGCGTGGAGTTCAGTGCGCAAAGAAACTACCCTGACTTTTACTTCTGGGCAGATGGGGTGGAGGGAGTACCCCTTCAATTCAGCCTTACATTTTCCTGTTTGACCAAAGATTGCCCAAGTCTGGCGTTCCTCCCTTGCAGGAGGTGGAGGTTGTTGGTGGAGGAGGAGCCATCTTTGTTTGCTGGTGCCCGGAATGGTCTCCTCTTCTTCTTTCCCTATCCCTCCAAACTGTCTTGTAAGATGAGACCTGGGGAGGAAACTTCTTTTTGGAAATTGGTGTAGAAGAGGTGTGTGGGGCTACCTCTATGCTCCTCTGCAAGGGGCCTTTGGCGATGTTCTGGACATGGCTGAAGATTGACTTAGAGATTGACCCTCCACCTCGACATTACTGACATTTGGGGCCAGGTGATTCTTTTTGAGGGGACTGTCCCCTGCATTGTAGGATGCTGAGCAGCATCCCGGGCCTCACCAGATGCCAGTAGTGCCATCCCCCAACCATACCCCTGGTTGTGACAGCCCCCAAAAATGTCTCTAGACATTGCGAAATGTTCCCTGCAGGGCAAAATTGCCCCCATTTGAGAACCACTGGCTTGGAGAAGGGACTACAAATGTACTTCCTCCCCCATTCTTTTGACGCTAAGCCACCCTGGTCCTGACGCCTCCCCTCACTTAGAAAAGGCATACAGGAGGCCGGGCATGGTGGCTCACACCTGTAATCCCAGCACTTTGGGAGGCTAAGGTGGGCGGATCACAAGGTCAGGAGTTTTGAGACCAGCCTGGCCAACATGGTGAAACCCCATCTCTACTAAAAATACAAAAATTAGCTGGGTGTGGTGGCGGGTGCCTGTAATCCCAGCTACTTGGGAGGCTGAGGCAGGAGAATCACTTGAACCTGGGAGGTGGAGGTTGCAGTGAGTTGAGATCACGCCACTGCACTCCAGCCCGGGCGACAGTTCAAGACTCCATCTCAAAAAAAAAAAGAAAAGGCACACAAGAGTCCCTCACACATCTCTCTTGGAGTCTGGGATTCCATCTGTTGTATTTTCTCCTTTTTTCTCCTCTGTCTGATGCCAGAAGATACTTGTTTTCTTCTTTTCAAGAAAAGTATCTCCCCACATAGGCGGTGGACCCAAAAAGTGTAGGCATGAGACGGTCAGAGCTCTTTGGGGTCCTGCTCAGAGTCCCCCAGGCAGGGCAGAGTCTGTATCCTGCTGCCATCTTGCAAGGGAAAACCGCCTCTCCTTCCAAGTATTGGGTCTTGGAAAGGTGTGTGTTTGGTGAAAGCCACTTAATGGTGGTGGGGTGCAGCTTTTCTCTAAGTGCAGTTACTCACTCAGGACAAAGGAGGAAAAGGAAGGCAGAGGTCAGCCAGGGTAGAGGGTGATGTCTGTTTTCCTTGGGAAACATCTGCTGATGAACTGGGTCCAGGGCCGTGCTAGGTCTGGGAACAATCCTCTCCAGGTCTTCACACAGAGTATCACCAATCCACAAACAGACCCGAAGTGAACTAGTTTACTCTGCCTACCTGTCCTTTCAATAGAGCAGTCTTTCCCGCTCTTCTGTTCTGAGAATGCACCCGGAATGGGGGAAACCCAGCAAGCAGCAGAGAGAAAGGCTCTTCCCGGGAGACCTGCCGCCTCTAGGGTGGTCAGAGAATAGCAGCTGGGATTTTGGAGAGGGAGAGGATAGGTAAAGCAGCGTATTGAAGCATTTGCGGAGGGGTGTATTAGTCCTCCCACCCTGAGCACACCAGGACGGGGATGCATCCTTGCCTTGTGTGCTTGTAAAGGCTTCTTTCCCTTGGTATAGCAACTTCAACTGCACCTGAACCTCCAACCTCTGCCCAGCCTCTGGTGCAGGGTGGATAGAGGTCTAGCCAGCCCTTACTTCCTGAAGAGAGCTCTGTGGGAAACTCGAGGCTACAGTAGCTTCCCGGCTCCCAGCTCCTACCCTACCCCCACCAAAGCAGAAACGGGAGACGGCAACGTTCTGGCTGCCATTAGACTTACGTCTCCCTCCCCTACGTCCCCTAGCTTCCCAAGACAGGAAGAAATGTGCAAAAGGCCCCTCCGGAGAAAACTATTTTGCCGTTCAGCTGTTCTTTACAGAGGATGTTATTTTAGTGAGACCCAGGTCCTAGACCTTCTGATTCCTATTTATTTTTTTAACAGACTAGTCTCAAAGTACAGCACAAAATCTCTTCTCTGCCTTCTCTTGTGATGTTCCAGAGAGCATCTGTGGTTGTGATTTGGAATAAGTCATATTTATTTGGTTTACTGTGCCTATTCAGATCTCTGTATGTTGTGTGTGTTTCTGTGTCCTGGAATTGGATGCGTGGGACTCGTTCTGTCCGCGGAGTGCACTCTTTTTTTCAGTGTGGCCCACATATCTTGTAAATGTTTGCTGAAGAGTTGTGTCTATATATAGAGAAAATATATATAAACAGAGAAATATGTGAATCTGTTTTTTTTTGTCTTTTTTTTTTTAATTTGAAAGAAAAAAATGCTTGCTTCTGAGGACTGTGTCCTCCCACTCACACCCCAGTGACCCTATATGGGGTCAGATTTTTGTAATAGCTGCCTGGCCTTTTCCCAGAAAAGGTGAATCACTTCTGACTTCTTGTATTAGCTGGCTCTTACCACAAGTAATGCTGCATTACAAATGACCCAAAAAGTAGTGGTTTAAAACAGCCATGTATTTACCTCATAATTCTGTGGGTCAGCATCCCAGGCTAGGTTCAGCTAGGAGGTTCTTCTGTTCTCAGACTTCTTCATGTGTCTGTGGTCAGCTGATGTCCAGATAGGCAACTCTGCTTCTGATGGTTGTCTGGCTGTTGACTAGGGCAGTGGGGGAAACTGGATTCCGTATCTTGCATCCTCCAGCAGGCTAGCTTAGGCTTGTTTACATGGCTATGATAGCAGATCCCAGAAGGTAAGCAGAAACACACACTGTCTCTTGGTCTCAGCTTCTCTGGCATAAAGTCATTTCTGCCACATTCTGTTGGTCAGAGTAAGTCACATGACTCAGCCCAGCTTCATAGGGTAGGGAAATAGACTGTACTTCCTGATGAGAATCTTTGGAAAGTGACACTGAAAAGGAGCATGGGCCAGGCACAGTGGCTTACCCCTGTAATCCCAGCACTTTGGGAGGCCAAAGCAGGAGGATCACTTGAGGCCAAGAGTTCAAGATCA
AGCAGCATTGTACAGGGCTATGA,ATGTAAAGGTCATAGCAGCAACTGACAAGAAGTGTGCAATATTTACCTGGATTATCTTGATGAT,ENST00000565556.5|ENSG00000205423.12|OTTHUMG00000173447.1|OTTHUMT00000423137.1|CNEP1R1-206|CNEP1R1|1707|UTR5:1-253|CDS:254-535|UTR3:536-1707|,AGCTCCCTGAGTCCCCACAAACCTAGAGGGTCGACCTCCTCGCCAGCTTCTATTTTTATTTTCTTTTCACTGGCAGACACTTGCACTTCGTGCATTGCAGCCTGCTAATTCATTTCATTTCATTCTCACAGCCCCGCGAGTTGTATCCCTGATTCCTGCGGTGGTTTCCGGTAACTGCCAAGATCTCAAGGCTTTTGAGAGGAGACTTACTGAATATATTCATTGTTTGCAACCTGCTACTGGACGCTGGAGAATGCTTCTTATAGTGGTATCTGTCTGTACAGCTACTGGTGCCTGGAACTGGTTAATAGACCCTGAGACACAAAAGGTGTCCTTCTTCACATCATTATGGAATCACCCATTTTTCACCATTAGCTGTATCACTCTAATAGGCTTGTTCTTTGCTGGAATACACAAGAGAGTAGTTGCACCATCAATTATAGCTGCTCGATGTCGAACGGTATTAGCAGAATACAATATGTCTTGTGATGATACAGGAAAACTAATTTTGAAACCTAGGCCTCATGTTCAATGACAATCTTCACTCATTGTTATGGGACTTAAAATAGCCTTTCTTCGAATAAGTGATACAGCAAAAAGCCATAAAGGATTCCTTTTGCGGTTGGATATGTAAAGGTCATAGCAGCAACTGACAAGAAGTGTGCAATATTTACCTGGATTATCTTGATGATGGTGACTCATTATCAGTGCTTTGGTACTTTTGATTACCTGTGTTTCAGTATTAGTGTCACTTTAGTACTTCAGATCCTGCAAATATTTTTGCAGATGAAGTATGTATGTATGTTACTAAGTTAAACTTAGAAACAGAACCTCATTCAGTTTTTATAATGTATTTTTGCAAACTACTGTAAATAGCAAATCAATGCCAATGTTAAACAAAGAGGAAAACGTTGTGTGGACTTTGTTCTCTTGCACCAGTATTTCAGGAACATCTGCTTGCCATCCCCACAGCTCTTTAAAACTGGCTATTATGTGTGCCTTTCATTCTTACATTTCTAATCATACTGCAGGAAAAACATTGGATTCAGCTTAGACTGAGGAAAACTCTCCATTATGTTGTAAGAAATTATAGATGTTTTGAGAGACACTTTTTGTTAAACCAGATATTGAACTCCAGCAACTATTGTGGTTATATTTTTAGTTCATTGTTCTCATTTAATGCTAAATATCCTTTATATTGCTTTAATAATTTTCTTTTTTTTTTTTTTTTTTTTAGACGGAGTCTCGCTCTGTTGCCAGGCTGGAGGGCAGTGGCACGATCTTGGCTTTCTGCAACCTCTGCCTCCCAGGTTCAAGCGATTCTCCTGCTTCAGCCTTCTGAGTAGCTGGGACTACAGGCGCATGCCACCATGCCCAGCTAATTTTTTTGTATTTTTAGTAGAGACGGGGTTTCACCACGTTGGCCAGGATGGTTTCGATCTCCTGACCTCGTGATCCTCCTGCCTCATCCTCCCAAAATGCTGGGATTACAGGCATAAGCCACCGTGCCTGGCCTCTTTAATAATTTTTAAAATACCCTAAAGGCTTGTGAATATACAAGTCTACTGATAAATTATGTATTGTCTGGGAATTTGATAGTCATTGTTTTAGATAACTGGATTTTACGCTGTGGTAGACAGGCTGTGACACTAGTGTTGCACAGGTGTAATTGGTCATCCTATGCCTTCACCAGAATAACTTGGGAGT
CAGCAGCAATTCATGTTT,TGACATGTGCATGCTGCTCCCCCCAGCCCTGGGCTTTCCTGAATTG,ENST00000261942.7|ENSG00000113194.13|OTTHUMG00000163228.3|OTTHUMT00000372194.2|FAF2-201|FAF2|4485|UTR5:1-23|CDS:24-1361|UTR3:1362-4485|,AGGAGCGTAGAGGCGGCGGCAAAATGGCGGCGCCTGAGGAGCGGGATCTAACCCAGGAGCAGACAGAGAAGCTGCTGCAGTTTCAGGATCTCACTGGCATCGAATCTATGGATCAGTGTCGCCATACCTTGGAACAGCATAACTGGAACATAGAGGCTGCTGTACAGGACAGATTGAATGAGCAAGAGGGCGTACCTAGTGTTTTCAACCCACCTCCATCACGACCCCTGCAGGTTAATACAGCTGACCACAGGATCTACAGCTATGTTGTCTCAAGACCTCAACCAAGGGGGCTGCTTGGATGGGGTTATTACTTGATAATGCTTCCATTCCGGTTTACCTATTACACGATACTTGATATATTTAGGTTTGCTCTTCGTTTTATACGGCCTGACCCTCGCAGCCGGGTCACTGACCCCGTTGGGGACATTGTTTCATTTATGCACTCTTTTGAAGAGAAATATGGGAGGGCACACCCTGTCTTCTACCAGGGAACGTACAGCCAGGCACTTAACGATGCCAAAAGGGAGCTTCGCTTTCTTTTGGTTTATCTTCATGGAGATGATCACCAGGACTCTGATGAGTTTTGTCGCAACACACTCTGTGCACCTGAAGTTATTTCACTAATAAACACTAGGATGCTCTTCTGGGCATGCTCTACAAACAAACCTGAGGGATACAGGGTCTCACAGGCTTTACGAGAGAACACCTATCCATTCCTGGCCATGATTATGCTGAAGGATCGAAGGATGACTGTGGTGGGACGGCTAGAAGGCCTCATTCAACCTGATGACCTCATTAACCAACTGACATTTATCATGGATGCTAACCAGACTTACCTGGTGTCAGAACGCCTAGAAAGGGAAGAAAGAAACCAGACCCAAGTGCTGAGACAACAGCAGGATGAGGCCTACCTGGCCTCTCTCAGAGCTGACCAGGAGAAAGAAAGAAAGAAACGGGAGGAGCGGGAGCGTAAGCGGCGGAAGGAGGAGGAGGTGCAACAGCAAAAGTTGGCAGAGGAGAGACGGCGGCAGAATTTACAGGAGGAAAAGGAAAGGAAGTTGGAATGCCTGCCCCCTGAACCTTCCCCTGATGACCCTGAAAGTGTCAAGATCATCTTCAAATTACCTAATGATTCTCGAGTAGAGAGACGATTCCACTTTTCACAGTCTCTAACAGTAATCCACGACTTCTTATTCTCCTTGAAGGAAAGCCCAGAAAAGTTTCAGATTGAAGCCAATTTTCCCAGGCGAGTGCTGCCCTGCATCCCTTCAGAGGAGTGGCCCAATCCCCCTACGCTACAGGAGGCCGGACTCAGCCACACAGAAGTTCTTTTTGTTCAGGACCTAACTGACGAATGACATTTTTTTCTTCCTGTCCCCTCCTACCCCAGTCCCTAAAAGAAATGGGGAAAAAAGAAAACAACAGCAAGTCAGAAAAAAAAAACAAGAGAGAGAAATTCATATTATTATTATTATTATAATACAATATTTTTTTTAAAAGACTGCTGCATCCTTAGGAAGGATCAGAAACCATGCTGCCCGTAAGAGTCACAACCTGTGTGTGCGCGCAAGGTTAGCAACAAACGTACCCGCTTGGCAAGCCCACCCTTCCTGTGGCCTCTGTGCACGCACCTTCCAGTGAACAGAGACTCTTCACCTTCGACCCATCCATTGTCCCAGCTGGGAAGGGGACATTCCCACTAGTTCTCATTCATTCTTGCTTTTATGAAAAATAAAAGTGAAAAACCTCCATCAACCAGCTACTTGCAGCATCTCCTGAGGACTTGCTTCTCCTGCCTCTGGGGAAGAGAGGGAAGAGAAAGCACAGAGCAGAGAAGCAGAGATGTTCCTTGAACTGCCCACAAGTTTTCAATAACTTTTATTTCTGTTTTGTAATGACCAAAGGAATGAGGCTGACATAGGTATATATATATATTTTTTTCCTTTATTTGATAAAGAGCCAATTCTTTAAACCCATGAGTTTATGCCCTGGGCTCCTTAGCCCACAATAGTGTAATAAAAGTGCCCCGGGCTGGTTTGTGCTTATTTCTGCCATTGTCCCTCTCACGTTCCCAGAGAGGTCATTCTTTTTGGTCCAACTCTTGCTGTCCTTTCTTACCACCTGTGCACCCCACTTGGAGCAGTGGGAGGAAATCTGGGTTTGTGGCCCCACAAAGGCTGTATATGTAAAGATACACCTATGTATGTGGTGGAACTCACCTTTACACACAACTGCAGCTTTTCCTTGGAGTCTGTACCAGGTGGTGGTTATGGGGTCTGAACCAAAGGATAGCAGCTCTTCATTCCTCTTCTGACATGTGCATGCTGCTCCCCCCAGCCCTGGGCTTTCCTGAATTGCCAAGCCTGGTGCCTTTCCAAAGGACTAGCAGGGCCTGTGGTGGAGCCAGCAGAACCACAGGAGAGTGCCCTGCCTGTCTCAGTGGAAGTGTATTATTGTTTTAAGGATAGAACCAGAGGCCTTGAAGGGAGCCAAGACAGAACTCCCAGCCTGTGTAATCTATTGGAAGGCACATTTTCATTTCTGATGCAGCCACCTTCTGGAGGCAGCTTTTATCCTTTCTCTCTATTGCTATGTTGAAGTAATAGGGTTTTTTTTAACCTCTGGATGTCTCGTCTGTGGTTGAGTTTATGGTAATGGGTACATGGGTCAGGCCATGTATTAACAGATGCCAGTGCGCTCTGACAAGTATTCCAAAGTGTTCTGTAGCTAGACTGGTGCAGGCTCGTTGTACCACTGCAACCGACTGACGTTACTGTAGTTCCTAGAATGCTGTGAGGGCGGGGGGTTCAGATCAACATAAAGCCTAACTTGCTGGAGTTGTAGTCTCAAGGCTTTCTCTCTTGCTTAACTAAAACCTAAGGACCACTGTTTTTGGTAGCAATTATATGGTTACTATCCACTGCAGTCCTCAGTTGTTGGGGTAAATCCCACATGGCAGAGTAAGGCACCCCACAGAAATTAACTTGGAGAGCCTGAGAAATTCCCAGTGGCCTTGGCATAGCTGTCTAGAACACCATCTCTAGGAAAATTTAATTCTGTCCCTGGCCAGCTATTGTTCTTCCACTTCGTTTTCTGCTGTCCCAAGGCCAGATGAGTGGAATCACCATCTGACTGCTGTCAATAAAATGTATCTGGCGTGAACAGCAGGATAACCCATGTTCTCCACATAAGGATAACCTTACGTGAAACCTTCCTGCTGACAACCATGCAGAGGAATTTTTCCACTTAAGTCAGAGCCTTCCTCCCCATCTGGAATTCACAGCTGTTCCCTGGCAGCACACAGGAGGGTATTAAGGACCTTTGTGAGGCTAGGTACACTGTCCACACCTCTTTGGGGAAGTTACGATTTTTTTTTTCCATCATAATTCAGTCTCTTCTTATTCTACAGTGTGCACTTTATGCCTCTCGCCTTTTGATAATAGTTGTTCAGTGAAGGAAGTCAGCTGCCAGAATATTAAGAAGGGTCTCCCTTTATGTCAGTACAACTGTTAGGGCGGCCTTCCCATTTACTTTAGGTTTCAAGAGGATTCACCGGAAGCACATGCCCCGGTCTAGTCCCATTTGAAACAGTTCTGCTTTACTGAGACCCTAGGCCGGTCTCCTTGCTGACCCTAGCGCTGCTGCCTAGGTGCCATTTCCTTTCCTCCTCAGTCAAATACAGGCTGCACATTTTGTCACTTAATGCCAGTACAATCTGTGTTACTCCTAAGGACTTTTGGGATTTTGATGAGACCTGCGAGGGAGAAGACACTGAGAAGCCAGTGATCTGCAAGCATTTGCTCTTGTTTCCACATCACCTCTGGGATATTTCAGCTGTTGTTTCCAAATGGCAAATCATCAACTAAAAGCACTTGTTTCAAGTTTTGTTCTGCACTCCCACGACTGAAGTTGTAGATTGAGCTGAATAACCATGGGAAGTGACCAAGCAAAGACACTCGATTGGAGTCAGTTGAATATTTGTACCCTCAGTGGAGCCCTTCTGGTCTTTTCTTCCACTTCTGCAGAATTTCCTCTAGCAAATACTTCTTTCTCCTTGCTTGCCTCCACCATGATATTTGAATAAGAGATGGCCAGAGGATAACACTTGTCTCTTAAAAACTAAGCTAAAAAGAACCTAGAACCTTCAATTGAGCAGTTGTGAAAATTGCTAATGGTGCCAAGGCCAAGCAAAGAGTTTCAGAAAATGACTGAGAAGGAGCGATAACCCCCAGAATGCAAAATCAGGGGCATCATTATCCGGTGCTTGAACAAGGAGCTCCGCTCTACAACTGGTTTTTTTAGGACTTGTGAGGAACACAGCAACGGAAATCCATCCACAAAGGATGCAGTGCCCCAACTTGTACTGCGCCTGAATAGTCATGTGATAATTTACTGAAGAAATCTAGTGTACTTTAAATTTTTTTCATAAAAGTTTACATTGTATTGTAGGTTAACATTAAATGTTTTATAGCAAAAACTTCA
TGTGCAAATCCATGCAAAACTGA,ATTGGTTTTGCTTTCTTTGTACACACCAGAGACCCATCTGAGGTCATCTGA,ENST00000379834.7|ENSG00000124784.9|OTTHUMG00000014207.3|OTTHUMT00000039780.3|RIOK1-202|RIOK1|2498|UTR5:1-195|CDS:196-1902|UTR3:1903-2498|,GGGCTTCCGGTTGGGGTGGCAGGGTGGTGGATCTGTCGGTCCCGTTTTCCCGTCGCACGTGGTGGCCACTGTTGGCTTCTGAATGGTTTGCAAGGCGGATATCCACGCCAAGGCCTTTGGATCGGCCGTGGGTACATCCGTCTGAGCCGTTCCTTTCCATCGCAGAGCGGCGGCCTCCGGCGGCGCTCTCCAGTCATGGACTACCGGCGGCTTCTCATGAGCCGGGTGGTCCCCGGGCAATTCGACGACGCGGACTCCTCTGACAGTGAAAACAGAGACTTGAAGACAGTCAAAGAGAAGGATGACATTCTGTTTGAAGACCTTCAAGACAATGTGAATGAGAATGGTGAAGGTGAAATAGAAGATGAGGAGGAGGAGGGTTATGACGATGATGATGATGACTGGGACTGGGATGAAGGAGTTGGAAAACTCGCCAAGGGTTATGTCTGGAATGGAGGAAGCAACCCACAGGCAAATCGACAGACCTCCGACAGCAGTTCAGCCAAAATGTCTACTCCAGCAGACAAGGTCTTACGGAAATTTGAGAATAAAATTAATTTAGATAAGCTAAATGTTACTGATTCCGTCATAAATAAAGTCACCGAAAAGTCTAGACAAAAGGAAGCAGATATGTATCGCATCAAAGATAAGGCAGACAGAGCAACTGTAGAACAGGTGTTGGATCCCAGAACAAGAATGATTTTATTCAAGATGTTGACTAGAGGAATCATAACAGAGATAAATGGCTGCATTAGCACAGGAAAAGAAGCTAATGTATACCATGCTAGCACAGCAAATGGAGAGAGCAGAGCAATCAAAATTTATAAAACTTCTATTTTGGTGTTCAAAGATCGGGATAAATATGTAAGTGGAGAATTCAGATTTCGTCATGGCTATTGTAAAGGAAACCCTAGGAAAATGGTGAAAACTTGGGCAGAAAAAGAAATGAGGAACTTAATCAGGCTAAACACAGCAGAGATACCATGTCCAGAACCAATAATGCTAAGAAGTCATGTTCTTGTCATGAGTTTCATCGGTAAAGATGACATGCCTGCACCACTCTTGAAAAATGTCCAGTTATCAGAATCCAAGGCTCGGGAGTTGTACCTGCAGGTCATTCAGTACATGAGAAGAATGTATCAGGATGCCAGACTTGTCCATGCAGATCTCAGTGAATTTAACATGCTGTACCACGGTGGAGGCGTGTATATCATTGACGTGTCTCAGTCCGTGGAGCACGACCACCCACATGCCTTGGAGTTCTTGAGAAAGGATTGCGCCAACGTCAATGATTTCTTTATGAGGCACAGTGTTGCTGTCATGACTGTGCGGGAGCTCTTTGAATTTGTCACAGATCCATCCATTACACATGAGAACATGGATGCTTATCTCTCAAAGGCCATGGAAATAGCATCTCAAAGGACCAAGGAAGAACGGTCTAGCCAAGATCATGTGGATGAAGAGGTGTTTAAGCGAGCATATATTCCTAGAACCTTGAATGAAGTGAAAAATTATGAGAGGGATATGGACATAATTATGAAATTGAAGGAAGAGGACATGGCCATGAATGCCCAACAAGATAATATTCTATACCAGACTGTTACAGGATTGAAGAAAGATTTGTCAGGAGTTCAGAAGGTCCCTGCACTCCTAGAAAATCAAGTGGAGGAAAGGACTTGTTCTGATTCAGAAGATATTGGAAGCTCTGAGTGCTCTGACACAGACTCTGAAGAGCAGGGAGACCATGCCCGCCCCAAGAAACACACCACGGACCCTGACATTGATAAAAAAGAAAGAAAAAAGATGGTCAAGGAAGCCCAGAGAGAGAAAAGAAAAAACAAAATTCCTAAACATGTGAAAAAAAGAAAGGAGAAGACAGCCAAGACGAAAAAAGGCAAATAGAATGAGAACCATATTATGTACAGTCATTTTCCTCAGTTCCTTTTCTCGCCTGAACTCTTAAGCTGCATCTGGAAGATGGCTTATTGGTTTTAACCAGATTGTCATCGTGGCACTGTCTGTGAAGACGGATTCAAATGTTTTCATGTAACTATGTAAAAAGCTCTAAGCTCTAGAGTCTAGATCCAGTCACTGACTCTGTCTGGTGTTGACAGAGGATTTATTTAAGCTATTATTTTAATAAAGAACTTTGTACATTTTTATTTTTATATTTTTTTCTCTTACAAATATGTTTTTGGAAGCATGATAAATGTTTAAATGTAGTCAACATCTGTAACTCTTACATGAGTGTCCAGAGGCACTCATGGGAAAATTGGTTTTGCTTTCTTTGTACACACCAGAGACCCATCTGAGGTCATCTGATTATAAGGCCATGTTTATATAAAGGGAATTTCACCCACAGTTCAGCTGGCTGTTGATTTTCACTGCAACTCTGCCTTTGTGTGTATTGGCGATCATTTGTAATGCTCTTACACTTCGTCTTTAATGTTCTTTTTGGAGTTAGGACCTCTCAGTTCATAAAGTTTTTTACAATTCAA
ACTGCAGTGAAGGCACTTGTAG,TGCCTAAACTGCAGAGCATTCTCTACACAGCGTAAAGGAGAAGTGGGGCAGCTG,ENST00000553935.6|ENSG00000100441.10|OTTHUMG00000171312.5|OTTHUMT00000412930.2|KHNYN-202|KHNYN|6778|UTR5:1-183|CDS:184-2220|UTR3:2221-6778|,AGTTTGCGTGCGATGTGGACAAGAGAGGTCCCCGCTGGGTGAGGAACCCGGGAAGGCCCGCCCAGATTCGGGCCCCCTGCCCTTGTCCCCTGGGCTGGGGGCGCGGGCAAAGCGGGGGCCTGGCGGGCGCTGAGAGGACCTGAAGCCGGCGCGGGCGGCGGAGGCGGGCTGGGGGCAGCAGCCATGCCTACCTGGGGGGCCCGCCCCGCGTCCCCAGATCGCTTTGCGGTGTCTGCGGAGGCTGAGAACAAGGTTCGGGAACAGCAGCCCCATGTGGAGCGCATCTTCAGCGTGGGGGTGAGCGTCCTTCCGAAGGACTGTCCGGACAACCCCCACATCTGGCTGCAGCTGGAGGGCCCCAAGGAAAACGCCAGCAGAGCCAAGGAGTACCTGAAGGGCCTCTGCAGCCCAGAACTGCAGGATGAAATCCACTACCCGCCCAAACTGCACTGCATCTTTCTGGGAGCCCAGGGCTTCTTCCTTGACTGCCTGGCCTGGAGCACGTCAGCCCATCTGGTGCCCAGGGCGCCAGGCTCACTGATGATCAGTGGCCTGACTGAAGCCTTTGTCATGGCTCAGAGCCGGGTAGAAGAGCTGGCAGAGCGGCTGAGCTGGGACTTCACGCCAGGACCATCTTCCGGAGCCTCTCAGTGTACTGGAGTGCTGAGAGACTTCTCTGCCCTGCTGCAGTCCCCGGGGGATGCCCATAGAGAGGCTCTGTTGCAGTTGCCCCTGGCTGTCCAGGAGGAGCTGCTGAGTCTGGTGCAGGAGGCGTCTAGTGGGCAGGGGCCAGGAGCACTGGCTTCTTGGGAGGGGCGGAGCTCAGCCTTGCTGGGTGCTCAGTGCCAAGGAGTGAGAGCTCCCCCTAGTGACGGCAGGGAGTCCCTGGACACTGGATCTATGGGACCCGGAGATTGCAGGGGAGCAAGGGGAGACACTTACGCTGTGGAGAAGGAGGGAGGGAAACAGGGTGGTCCCAGGGAGATGGATTGGGGGTGGAAGGAGTTGCCTGGGGAAGAGGCGTGGGAGAGAGAAGTGGCCCTCAGGCCACAGTCAGTGGGTGGAGGGGCAAGGGAGTCAGCACCCCTGAAAGGGAAGGCCCTGGGGAAGGAGGAGATAGCTCTGGGAGGAGGAGGGTTCTGTGTCCACCGTGAGCCTCCCGGTGCCCATGGCTCCTGTCACAGGGCAGCTCAGTCCCGAGGAGCCTCCCTCCTCCAGCGGCTCCACAATGGGAATGCCTCTCCTCCGAGGGTGCCCAGCCCTCCACCTGCACCGGAACCCCCATGGCACTGTGGAGACCGGGGTGACTGCGGAGACCGGGGAGACGTGGGGGACAGGGGAGACAAGCAGCAGGGCATGGCACGGGGTCGGGGGCCTCAATGGAAACGAGGCGCCCGAGGGGGCAACTTGGTGACTGGCACACAGCGTTTCAAGGAGGCCCTGCAGGATCCTTTCACCCTGTGCCTTGCCAATGTGCCTGGCCAGCCAGACCTCCGCCATATTGTCATTGACGGCAGCAACGTGGCCATGGTGCATGGCCTCCAGCACTACTTCTCCAGCCGGGGCATTGCCATTGCTGTGCAGTACTTCTGGGACCGTGGTCACCGTGACATAACTGTCTTTGTGCCTCAGTGGCGCTTCAGTAAGGATGCCAAAGTCAGAGAGAGTCACTTCCTGCAAAAGCTGTATTCCCTCAGCCTGCTCTCCCTCACACCCTCACGAGTCATGGATGGCAAGAGGATCTCCTCCTATGATGACAGGTTCATGGTGAAGCTGGCTGAAGAGACAGATGGGATAATTGTCTCCAATGACCAGTTCCGGGACCTGGCGGAGGAGTCTGAGAAGTGGATGGCAATCATCAGAGAACGCCTGCTGCCCTTTACCTTTGTGGGAAACCTCTTCATGGTACCTGATGACCCACTGGGGCGAAACGGCCCCACCCTGGATGAATTTCTGAAGAAGCCAGCCAGGACACAGGGGTCTTCTAAGGCTCAGCATCCTTCCAGGGGCTTTGCAGAACATGGTAAACAGCAGCAGGGGAGAGAAGAGGAAAAAGGTAGTGGTGGCATTCGGAAGACCCGGGAAACAGAGCGGCTCCGGCGGCAGCTGCTGGAGGTGTTTTGGGGTCAGGATCACAAAGTGGACTTCATCCTGCAGCGGGAGCCATACTGCCGGGACATCAACCAACTGTCTGAGGCCCTGCTCAGTCTTAACTTTTGAGCCTCACCTGCTTGAGTGGCTGCCGCCCTGTCAGCTCCAGCCGCCTCCAGCTCAGCCCTTTCTGTGAGAGTCCCTCTGCTGCTCACTCTGATCCAGAGGCACCCTGAGTTGGTGCTTTGGATCAGGGAAGCCACTTTGGGACAGGTCCATAAAGTGAACTGATCTTACCGAGTCAGGACCTCAGCCAGCTCTCAAGAGGTTCTGCTCAGCCTTAACTTCTCAACTTTGCCTTAGCACAGGGTTTCTGTAGGGAGTGGGGGCTGCTAGAGGGGATTAGTTCCGGAGACTGAGACTGTTGGCTCCACCTCCAAGCTGAGCTAGGGTGGAGGGCAGGGTGGGCAGGAAGTGACAGGAAGTTAAGCTGTTCCTCTCCCTGGCTGCTGCTCTGGATGGCCAGAGAACAAGATGCTCCCTTGCTGAGCTCCTGGGAGCGTGGAAGGAGATGCTAGGCCCTGGCACAGTGTTATGTGGACTGGGCCACGATAGGGTGGAGTGAGCTAGTGAAGAAGGCAGAGGGAGACTTGGCTTCTGGTCTCAGCTATGCCTGTTTTGTGACCTTGATTGAGTTGCTTGGGCTTTACTTCTGCCTACAAATCAGGGGTAAAAATACCTGTTGGGAGGAGAAATGAGAACATAGAGGAAAGCCTCTTGGAGGAAAGGTGCTTGGACCAAGTCTCAGGTGTGTCTGCCTGTGGCTGCACAGGCTCTCTAACCGAAACCTCACTTTCAGAGAGATGTGGGTCCTTTGTCTCCAGGATCCACACCCTAGATTTTAACACTGCATTCTCACTATAACGTGCCCTATAATGGCTGCATCCCTTTTGAGCAACCTCCAAAATCTACATTTACACAGTAGGTAAATTAGGGATGACTGCATTATCAAAATACTCTCAGGGTTCCTATAAATGGCAGCTCTCCTGTTGTATTCAGGTGTTGTTTACAGACTAACAAATGTGTTGGCAAATCCCTGGTTAGATGCACTTCCTGGTGTTGAGATGAACACGTCGATTTTTCACCAATCGATGAAGCCATGCTCTGCAATGACAATATTAATGTGATCCGACCCTAACATTTTCTCTATGGAAGACGTATGTTGCATAAAGCAAGGCACACTTCTGCTTTATGTGTGTGTGTATGGGGATGGGAGGACTTAACGGAAGTTGAACCAGTTGGTTCTAGATGAACCAATTATCTGGAAAATGAAAGAACCAGAGTTGGAAGGCACTTGACTGGCCACCAGACCAACTCTGCTGTTACTGACATGCTTTCTTCACCCTGATTCCTAGAGGTCATTGCCCTGGATCTGCTTGAAGTCCTCCTGTGCCAGGGAATTTACTATCTCCAGGGTAGCACATTCCCTGTGTAGACGGTATTAATCAGTACTCCTTACTTTAGTGCAGCCTAAAGTATGCTTTTCTGTTACATCCACCTTTGAGGCTGGTCATACCTCCAGGAACAATACAGAGCCAGTCAACTTCCTGGAATCCAAGACCAGATAAAGAAGTAGGACAGGTGCCCCTGGGTTCTGTTCTGTGTGGGCCTGTGGGGAGTCTCTAGACAAGATCTTTTCCAGGCCCTGACTTCTGCCTCCCTCTGAGTGGCACAGGGAGTTGAATACTGCATGGCGAGTGTAATGATGATGGGGAGGGTCCTTGTGTCCTCACCCCTTCCTTTTTGGTGATTTACACCACTGTACCATACTGACCCAGGCTGGGGGCAGGTGTGTTGGAGACAGGCTGGTCAAAGAGGTGACAATGATTAAGAGATAACCCAGCGGTCCCTGAGAAGAGATTGGTTAGTATGGCCTGAACTGGTGGCTGGGGGAACTGTGTCTGGTCAAGTTATGGCAGATGTCACAGCTTTAGGTAGGTAAAAAGGGTCCTAGATGAAAACCTTGGAGTTTTTTTTTTTCCTGATAGGGTTGTTTATACTTCTTGATTGGTTTCTTGCCATTTTCACTTTCAGTGATGGTGGGTGTGCAGTAGACCAAAAGTGTCTTCTGCCCTTTTGTGCTAAGGGCCCTGGTTGACTGAGTGGCCCCAGTCAGATGAGAGGCAAGTCCTAAGCTTCTTATAGACAGGGATGTTGACTTTGTTCTGCTGCAGCCTGATAAACTGGGACCACTGTGTGGTTAGTAATGCACTTGCCATTTGGTGACACAGACTGAAGGCTATCCTACACCTGGGCCTTACCTCTTCCTCTACTGGCATCCTAATGGCACTCTGACAGCATCCAGGGTGACTACAGGGCCCATTGGAAATGGATCATCATTCTCTCTTCTAGTGTCTATCTTTATCATAACCTGATGTCCCAAACTTGTGACAAGTTCTTTTGGCAACTGAAGGACCAAGAAGGGAAACGGTGATGAGAGAGACTGCTCATTGTAACTTTCAAAACCCCGTCTTTGGGGAAGAATCATCTAGGGTGACATTCCTTGAAGTAAATCCCAGGAGAATCTAGGCCAAAGAGATGAGCCAAGGTTAGTGAGACAATTTATTTTTATTGCCTAAACTGCAGAGCATTCTCTACACAGCGTAAAGGAGAAGTGGGGCAGCTGCAGGACATGTAGAGAAACCAAACTGGGAAATCTTACAAGGAGTTGAAAAGATTAATGTCCCAACCTGATGAGATTACGGCCTTGAGACAATAAGGTGGAGCAACAGAACAATGGGAAAGAGGACTGGGAGAGGAATCTAAGAACCAGATGGCTTCAGCTCTCTAGAGGAGCTGAGCCTATTCACAGTGCCTAACCTGGAAGCCTGTGAGGAACAGGCCTCAGGCCCTTGCCACGACCTACTTAGGCTACAATTTCCTTTAAGGCAGCCCCTAGCTCTGGGAAGGAATACTGGTAGCCAGTGGCCAGTGTTCGCTGTGGGATCACCTTCTGGCCCTCCAGCAGCATGATGGCACGCTGTCGCCCAAAGACAGCTTGCACCACAGCGCTGGGGAGAGGGATGAAGGCTCGGCGGCCCAGGGCAGCACCCAAGGTCTGGGCAAACTCAGCATTAGTGGCGGAGGATGGAGCCACTCCATTCAGGACCCCGTGCACGTGGTTTGCTTCAAGGGCATGGGTCAGGATTCCTGCCAGGTCCCCGATGTGTATCCAGGGGAAGAATTGGTGGCCTGAGCCGATGGGGCCCCCCAGGCCCAGGCGAAAGGGCAGCAGCATGTGGCCCATGGCACCACCCCCACGGCCCAGCACAACCCCTAGAGCAGGAAAGAGGGAAGGTACAGGGGTCCTCTCAGCCTTGAAGGAGCCCACTGCTCCTCCTGGTTTCTGTTTCCCCTTCCTCACTCTCCCCATGCTGACTTGGCTCTGTAACAGAAGTGAGCAGTATGGCTGTCTTTAAGACCTCACACCTTCTCATCTGCAGGTTGGCTAGAAGTGGTGGCATCCTCTCACTCTGTAATTGTAATCTCAGCTCTCCTAATCCCATCACTTCCCCAGCCCAGAGAAGACATTCCAACCCTGTCTGATACCCAGGCCCGTTTCTCACCTGAGCGCACCACCACCTGGCGTGTAGAATCTCCAGGAAGCCTGGCTGCAGCTTCCCATTTGGTTACGAGGTTGGAGAAAAAGTCAAAGTCCCCTCCTGGGCTGTCTTCATCATACTCCGCAGTCAGACTGGGCTGGTAGTAAGCTGCCGGTGGAACACAATCATTTGCCCTGGGTGTCCTTGGTCCTGCCTGGCTCTCTGTAGTGGAGGCTCCCCTTGGCCTCACCTTCTCTGGCCCTTAGGATCTCCCCATTTGGAGACAGAGCCATTTGGATATTTTCCCCTTGAACTTCTCCATGACCTGAAGCGTTCCTTCCCTGGAGGAACTCTGGTTGCAGGGCTAAACTTAGAGGCTGCTAGAGTGTAGTGGTTAAGAACAGGAACTTGGGTACCAGGCGCCTGAATTTTAATCAGCTCCCTCATTTATTAACTCTCTGACTTGATGCAAGTTACTTAACCTCTCTGTATAGAATTTTCACATCTTTAAAATGGGAATAATAGTACCTACCTCATAGGGTTGTTGTAAGGAATAAATGATAATAAGCATAAAACACTTCAAATAGTGGCTGGTGTGTATAATTGTTTGCAATTACTTGGTCCCAAAGGTGACCAGGAACTCTGTTCCTAAAGAACTATGGTGTGAGAAGTAAGGGACTTTGGGATAGGTGGACTTTTCCCTGGCATTGAGTGATGCCACTCCCCACTGTTTTTTCAGGGTCTCAATTTCTTAGTGAAAGTACACAAAGGTTAGGAGAAACATGCATGGATCAAGGGCCTAGGAAGTCATTTTGCCTGGAAAAGACCAGTGCTCTGGTGTGTGCATAGCTACAGAGGTCTGAGTTACCCCGTTCCCCTGGCGAATATAAGGGGCTGGTGATTTGGGGGGCGTACCTACACCTGTGACTAAGACCCAGGCCTTGGGGGGTTGTGGGGCTTTGGTGATGGCTTTAGCCAGCAATTGGGTGGTCTCTAGGCGGCTGCCGATTACCTCTTTTTGGAAGGTTTCATTCCATCTGCAGGAGAAACATGGGAAATAAAAAGCCACTAAATACATAAGTGCA
CGGGTGTGGTGGTGGG,TGTGCGCCTGTAGTCCCAGCTACTTGGGAGGCTGAGGCAGGAGAATGGTGTGAAC,ENST00000341976.5|ENSG00000187792.5|OTTHUMG00000150739.3|OTTHUMT00000319881.3|ZNF70-201|ZNF70|6940|UTR5:1-481|CDS:482-1822|UTR3:1823-6940|,GCGTCAGCAGCTGCTGTGGAGCCAGGCAGCGTCGGCCGCGTCGGCCGCGGGTTGGAGCAGCTCAGGTGCGGCCCCGCCCCGCCCGCCTGCGGCCCCGCCCCGGCCCAGGTGAGCTGCCCCGCCCCGGCCCAGGTGAGTGGCCCCGCGTCCGCCGGTGTGACCTGAGTCCGCCTGACCACCTGTCCCTCCGGTGGCCCTGGGTGTGCGTGTCCCCAATCGCGGGGAAGCCTGTAGGGGCGCCACGTCGCCGCCTGGGCAGCGTGTGCGGGTCCGTGGCAACTCTTGGGCCCCCAGCCAGGAAACCTTGACTGCACTAAGAGTTTGCAGGGTGCCCAGGCCCTAGGGACTCTCTGGAGGATGGGATGACAGATGCAGGAGGACCCGGAGAAGGCCCCGACAGAGATTGTGAGAACAGTAAGTGTGGCCCAAAGAAGAACATTTTTAAAGAAATACAACCATTGGGGATGATAGCAGATTCACAATGGAGGTTCCCCCAGCAACAAAGTTTGGTGAGACCTTTGCATTTGAGAACAGGTTAGAGTCACAACAAGGGCTTTTCCCAGGGGAGGACCTGGGGGACCCTTTTCTTCAGGAAAGAGGTTTGGAGCAAATGGCTGTGATCTACAAGGAGATCCCTCTTGGTGAGCAGGACGAAGAAAATGATGATTACGAGGGGAATTTCAGTTTGTGCTCAAGCCCTGTTCAGCATCAAAGTATCCCCCCAGGAACCAGACCCCAGGATGATGAGCTCTTCGGACAAACCTTCCTCCAGAAATCCGACCTCAGCATGTGTCAGATAATCCACAGTGAAGAGCCCAGTCCATGCGATTGTGCAGAAACAGACAGAGGGGACTCAGGACCTAACGCACCTCACAGAACCCCACAACCAGCCAAGCCCTATGCGTGTCGAGAGTGTGGGAAGGCCTTCAGCCAGAGCTCGCACCTGCTCCGACACCTGGTGATCCACACTGGGGAGAAGCCCTATGAGTGCTGTGAGTGCGGGAAGGCCTTCAGCCAGAGCTCCCACCTGCTCAGGCACCAGATCATCCACACCGGGGAGAAGCCCTACGAGTGCCGGGAGTGTGGGAAGGCCTTCCGCCAGAGCTCAGCCCTCACGCAACACCAAAAGATCCACACCGGAAAGAGGCCCTACGAGTGCAGGGAATGCGGGAAAGATTTCAGCCGGAGCTCCAGCCTCAGAAAACACGAGAGAATTCATACAGGAGAGAGACCTTATCAGTGTAAGGAATGTGGGAAATCCTTCAACCAGAGCTCAGGCCTGAGCCAGCATCGGAAGATCCACACCCTAAAGAAACCTCACGAGTGCGATCTCTGTGGGAAAGCCTTTTGTCACAGGTCACACCTCATCCGACACCAGCGGATCCACACTGGGAAGAAACCATACAAATGCGATGAGTGCGGGAAGGCCTTCAGCCAGAGCTCCAACCTCATTGAGCACCGCAAGACCCACACTGGCGAGAAGCCCTACAAATGCCAGAAGTGTGGGAAAGCCTTCAGCCAGAGCTCCTCCCTCATTGAGCACCAGCGCATCCACACCGGTGAGAAGCCCTACGAGTGCTGTCAGTGTGGCAAGGCCTTTTGCCACAGCTCTGCGCTGATCCAGCACCAGAGAATCCACACCGGCAAGAAGCCCTACACCTGCGAGTGTGGCAAAGCCTTCCGGCACCGGTCAGCCCTCATTGAGCACTATAAAACCCACACCAGAGAGAAGCCCTACGTGTGCAATCTGTGCGGCAAGTCCTTCCGGGGGAGCTCGCACCTGATTCGCCATCAGAAGATTCATTCTGGGGAGAAGCTATAGAAAGAGGAGCCCACACAAAGCTTGAAAGCCTGTGCCAGATGGAGCCTTTATTCCACGTCGCGTGGTCTCCAAGACCCCACCTACCTCCCTGATGCTGAATGGAAACCTTCCCACCTAAGCGCTCTTGAACATCCCACTAGCAGGAAGGCCCTGTGTGGCCCTGGGCCAAGCACGCCAGCTCTCAGCAGGTTTTCTGCATGGAAGGGAAGGTGGGGTGATAGGGAGGGCAGCCAGAAAAGACAGCTGGCCTTCAGTTTCTCCTTCTTGCATTTGACTCCCAAGCCTACAGGATTTCATTTTGCCCTGTCTTCACATTTCCCAGAATCTAGAAGAATAAATGCCAAGAGGGAGAAAGTTGAATTAAACCCAGGAAAATATCAGAAGAACTCTTTAAAACAGGCTGCAGTCTGGCACTTTTAGAAGACAGAAACCACACTCACAGTCCAAAGCAGTAGAAGAAAAATGAATTCAAAAGTAGATGTGTCAGCAGCAAAGTAGAATTTTCTCACTGCGTTGGGCATTGGTGGGGACAACCAAAACAGGTCTGCAGAGCAAAGGCAGGTCTGGAGGGTGGGTCTTGAGATTGGGGATGAGGGTGGTGAGCCCCTGGGCGTGGCCTCTTAACCCTCTCCTTAGCCCTAGGGCAGTTTCCCTCAGACAGCTCTGTTACAGGAGGATAGAGATTTGATCCTGTTGGCCAGAGGATGTTTGACACCCAGCCGTGACTCAGCCTGGACACCGGACATGACTGCCCTCCAGGAATAACCCCTCCCTGAGACATAGTGTCCCCAAGACCACAGTGTGCCTTGGACATCAGCAGGGCCTGGGTCTGGTCTGTTCTGGCAATGATGCAGCCCTCCTGCCCCAGTGTCAGGGGACCTGGGAAGCTGGGTGGCTTGTTGGAGGAGGCTGTGTTCTAATCAGAAGGTCTGGGTTCAAGTCCTAGTTCCACCCCCTCCTACCTGGGTGAGCTTGAACAAGTCCTGTAACTTCCCCAGGCTCCATTCCCCCATCCAAGAGTTGGGGTAATGGGAACTGGCCACGTGCCTCTAAGGGTTGGTGCCAGGCTGTCATTCAGAACACAGCCACTGTGAAAGTGCTTTGGCAACTGTGAGCAGTCATGGTGACTGAGGACAGAGACCCAGAGTGACCCCTGCCCCACCCCTGTGCATTTCCACGGACTGGAGAGATGTTCCCGTCTGGTTTCTGAGCAGTGGGACCTCTCATTGAACAGGGCTTTCTCTCCCTCCACCCCTTGCAGCCTGGGCTGTGTATGCCTGCGGATGCAGTGTCCCACACAAGGACACTTCCTCTAGGATGCCATCCTGAGCCTCCTGTAGCAGCAGTGTCATTCTGCACTTCCACATTCTGTCTGTCTTCCCCGCCTGCCAACTAGGAGTTCACGTGGGGCTTGTTTAAACAGTACCATTGCTTGTGTCCCACCTGGACCAGTTCAGTCAGCCCCAGTGGTGGCATGTTTTAAAGCTCCCCAGGTGATTATAACTTCCTAGTGTGCAGCCAGGCTGTGGGCCCTGTGCTGGGCTTTTTTTTTTGAGATGGAGTGTTGCCCTGTTGCCAGGCTGGAATGCAGTGGCGTGATCTTGGCTTACTGCAAGCTCTGCCTCCTGGGTTCAAGCGATTCCCCTGCTTCAGCCTCCTGAGTAGCTGGGACTACAGGTGCGTGCCACCATGCCTGGCTAATTTTTTGTATTTTTAGTACAGACGGGGTTTCACCATGTTGGCCAGGATGGTCTCGATCTCTTGACCTCGTGATCTGCCCGCCTTGACCTCCCAAAGTGCCGGGATTACAGGCATGAGCCTCCACACCTGGCCCATGCTGGGTTTTTGTGCATCCCTCGACAGCTTCCAATGTCAGCCTGCTGGCTTTGGCTGAGCAGAGCTTGAAGGCCATTCTGTCTCAGTGCCCTCACTCCCTGCTCCCCGCACCCGGAGCCTCAGGGATGGGCTCAGGCTGATGGTCAGCTGGGCGCTTGGAAAGTGTTTGGCTGGGGCCTTGGGGATCTCTTTAGTCCTGGCTTCCCTTGGGCTCCTCAGAGCTAGTGGGGAAGGAGGCAGTCTAGGCTGTTTTGAAGTTTCCTAAACATTTATGGCTGGGCTAACATGAACTCATCATGGTAACACTGGGTATTTCAGCTGATCAGAAGCTCAGCATGGCCATTATGCCTAGTTTTGATGAATAAACATGGGAAAGCCATAACTGTTACTAAGTGGGTCTTGATAGGCCAGAGATTTCCAAATGACAGATATGATGGGCTGGAGAGGTCATGGTGGGAGTTCCAGCCATGCCTCTGTCCAGCCCCTGTCTTTGCTACGTATGTGAAACATTTAACATTTAACCAGCACTCCATTGTCCACCAGAACCCTCTGTGTAACCAGTTGGACTGACTGGATGGTGCCCTGGGCATTGCCTGCAAGTGGCCTGTCATTTCAGGCCTGTCTCTATCAAGAGTGAAGAGAGAATGCTAGGATGCAGTGGGGACAGCAGGCGGCATCAAGCAGGGGTCCCTGAAAGATCTACCTCCTCTTTACACCTGCCCCTCTTCCCCACCGTTATCATCTGGCAAATGTCTGTTACCTATCTTTGGTTTCTCCCTCCCCATCCTTCCTGCACACCCCAGCCAAATTGATTTTTAAAGCATCATTTTGCACAAGTCACCACTCTCCTTAAAACCAACTTTCAGGAGCTTTCCTGCACGTAAACCCTCGTTTCAGCCAACCTGGTTTACCCACTCTGAGCAAGCCGCATGGAGATCAGGCCGCCCCTGCCCACTCCAGCATCACTCCCAGCTCATAATTCTGTGCTGTTCTTGCATTTTGAAATGTGCACTTTCTCCTCCTCTCCCTCCCTCTCTCTTTCTAATTTTTGTGTAACGTGGAGATGAAGATCCCCCCTCTCTCCCAAGGGTTAACAGATAAACATGGTAAGACCAGGTTCTTTTTTGGAAGTATGACCAGAGCCTCATTCCCTCTGTTCAAATTCTTTCCTTGTTTTATTAGTTTTTTTTTTTTTTTTTTTTTTTTTGAGACAGAGTCTCACTGTCACCCAGGCTGGAGTGCAGTGGTGCGATCTTGGCTTGCTGCAACCTCTGCCTCCCGGGTTCAAGTGATTCTCCTGCCTCAGCCTCCTGAGTAGCTGGGATTACAGGCATGTGCCACCACGCCTGGCTAACTTTTGTATTTTTAGTAGAGATGGGGTTTCACCATGTTGGCCAGGCTGGTCTCGAACTCCTGACCTCCTGATCTGCCTGCCTTGGCCTCCTGAAGTGTTGGGATTACAGGCGTGAGCCATGTGCCCAGCCAGCTTATTAGATTTTTTTTTTTAAACTCTCTCATTCTATTTAGATTCTCAAACAGTGTAAAGTTATAAAAGATCATCCCTGGCAATATTTTAATCAATTATCTTTTAATTTAGTTGTTCTTTGTTTTTGTTGTCCTACCTTTTTTTTTCTTTTTTCTTTTTTCTTTTTTTGAGATGGAGTCTTGCTTTGTCACCCAGGCTGTAGTGCAGTGGGGCGATCTCGGCTTACTGCAAGCTCTACCTCCCAGGTTCAGACCATTCTCCTGCCTCAGCCTCCCAAGTAGCTGGGACTACAGGCACCCGCCACCACGCCCGGCTAATTTTTTGTATTTTTAATAGAGACGGGGTTTCACCGTGTTAGCCAAGATGGTATCTATCTCCTGAGCTCGTGATCCGCCCGCCTCGGCCTCCCAAAGTGCTGGGATTACAGGTGTGAGCCACCGCGCTCGGCATTTTTTTATTTCTTCTTCTCCTTAGAGTGACAGCTTTGTCTGCACTCCGTAAGTTTTGACGTGGTGTTTTTTGTTATAGTATTAAGAATTTCCTTTTGCCCAAATGTTATTATTTAAAAATATTTCTAAGTGGGCCGGGCATGGTGACTCACACCTGTAATCCCAGCACTTTGGAAGGCCGAGGTGGGTGGATCACGAGGTCAGGAGTTTAAGACCAGCCTGGCCAACATGGTGAAAACCCGTCTCTACTAAAAATACAAAAATTAACTGGGCATGGTGGCGGGTGCCTGTAATCCCAGCTACACGGGAGGCTGAGGCAGGAGAATCGCTTGAACCCGGGAGGCGGAGGTTGCAGTGAGCCAAGATTGTGCCACTACCCTTCAGCCTGGGTGACAGGGCAAGACTCCATCTCGGGGAAAACAACAACAACAAAAACAAAAAATAGCCGGGAGCGGTGGCTCAAGCCTGTAATCCCAGCACTTTGGGAGGCCAAGACGGGCAGATCATGAGGTCAGGAGATCGAAACCATCCTGGCTAACACGATGAAACCCTGTCTCTATTAAAAATACAAAAAATTAGCCGTGCGTGGTGGCTACAGGCAGCTGTGCGCCTGTAGTCCCAGCTACTTGGGAGGCTGAGGCAGGAGAATGGTGTGAACCCGGGAGGCAGAGCTTGCAGTGAGCCGAGGTGGTGCCACTGCACTCCAGCCTGGGCAAAAGAGCTAGACTCTGTCTCAAAAAAAATATATATAAAAAAAATTTCTAAGTGATGAATGCTTAGGGTATTGCTGCTTATTTCTTACTGTACTGTGGTGTCAACATTTCTAAGTGTCCATAGGACTTCTTTGGGCCTGAATATATTATCAGTTTTTATAAAAGCATTTGTGTAATCTCAAAATGTGTTTTTATTCTACCAGTTCTATTTGTTAACTCAATTTTTTCATTATTTTATTCAAATCCATATTTTCTCTGACTTTCATTTACTTTAGAGTTCTTAATCTGGGGGTCCATGGCCTGCCTAGGAGTCTTTAGCATGTAGGGGTTTAGGAGTTGCAGACCCCTAGGGATCGAACAAAGCTGGGTATGTGCTTGAAGGAATTTTGCTGGGACAAGGATCTGTAGTATTTACTATATTTTTAAATGCCTCTGTGACACCAAAGCAGTTCAGAACACTCATTTACCTGATCTAATCATAGTTTGATGTTTGTGTGTTATATCTCTATGTATTCCTGTTTCACTTTTAATTTCTGTATGTGTATTGTCGCTATGTTGTGCAGTTTTTCTCAAGTCATTTTTGAGAAATAGGCAGGGTATGAATTATCAATAAATAAGTATCATGTTTGGGGCA
